key,label,mode,params,roc_auc,f1,accuracy,precision,recall
svm,SVM lineaire calibre,z,"{""C"": 0.1, ""class_weight"": null}",0.9999973150550234,0.9992438154909798,0.9989710421872703,1.0,0.9984887737478411
rf,Foret aleatoire,z,"{""n_estimators"": 100, ""max_depth"": null, ""max_features"": ""sqrt"", ""class_weight"": null}",0.999997215612617,0.9991362556683222,0.9988240482140233,0.9993520518358532,0.9989205526770294
cnb,Naive Bayes categoriel,cat,"{""alpha"": 0.1}",0.9999550023110415,0.9976267529665588,0.9967661325885638,0.9969814575247952,0.998272884283247
logreg,Regression logistique,z,"{""C"": 0.01, ""class_weight"": null}",0.9999540576081795,0.995696148052507,0.9941202410701161,0.9924924924924925,0.9989205526770294
knn,k-NN,z,"{""n_neighbors"": 3, ""weights"": ""uniform""}",0.9986107895806634,0.997519145723223,0.9966191386153168,0.9967665445139039,0.998272884283247
tree,Arbre de decision,z,"{""max_depth"": null, ""criterion"": ""gini"", ""min_samples_leaf"": 1}",0.9985390418843462,0.9990283925294181,0.9986770542407761,0.9991362556683222,0.9989205526770294
