key,label,mode,params,roc_auc,f1,accuracy,precision,recall
svm,SVM lineaire calibre,z,"{""C"": 1.0, ""class_weight"": null}",0.9999984089214954,0.999460218071899,0.9992650301337646,0.999568127834161,0.9993523316062176
logreg,Regression logistique,z,"{""C"": 1.0, ""class_weight"": null}",0.9999975139398365,0.9993519118600129,0.9991180361605174,1.0,0.9987046632124352
rf,Foret aleatoire,z,"{""n_estimators"": 100, ""max_depth"": null, ""max_features"": ""sqrt"", ""class_weight"": null}",0.999997215612617,0.9991362556683222,0.9988240482140233,0.9993520518358532,0.9989205526770294
tree,Arbre de decision,z,"{""max_depth"": 5, ""criterion"": ""gini"", ""min_samples_leaf"": 1}",0.9999960223037384,0.999136628534427,0.9988240482140233,0.9989210185584808,0.9993523316062176
cnb,Naive Bayes categoriel,cat,"{""alpha"": 1.0}",0.9998865859353434,0.9976267529665588,0.9967661325885638,0.9969814575247952,0.998272884283247
