key,label,mode,params,roc_auc,f1,accuracy,precision,recall
rf,Foret aleatoire,z,"{""n_estimators"": 100, ""max_depth"": null, ""max_features"": ""sqrt"", ""class_weight"": null}",0.9967504210391493,0.9863606841307643,0.9814787593708658,0.9891445940078158,0.9835924006908463
tree,Arbre de decision,z,"{""max_depth"": null, ""criterion"": ""gini"", ""min_samples_leaf"": 1}",0.9751781311828316,0.9833405452185201,0.9773629281199471,0.9854726799653079,0.9812176165803109
cnb,Naive Bayes categoriel,cat,"{""alpha"": 0.1}",0.9463323751063039,0.9332213355732886,0.9065118330148464,0.9084219133278822,0.959412780656304
logreg,Regression logistique,z,"{""C"": 0.01, ""class_weight"": null}",0.8766456723857984,0.9383626593615003,0.9140085256504483,0.916443712698086,0.9613557858376511
svm,SVM lineaire calibre,z,"{""C"": 0.1, ""class_weight"": null}",0.8656550987303989,0.9258160237388724,0.8971042187270322,0.9092422980849292,0.9430051813471503
