{
  "algorithme": "svm",
  "label": "SVM lineaire calibre",
  "mode": "z",
  "params": {
    "C": 1.0,
    "class_weight": null
  },
  "val_roc_auc": 0.9999984089214954,
  "test": {
    "roc_auc": 0.9999918474827064,
    "f1": 0.9989205526770294,
    "accuracy": 0.9985302763080541,
    "precision": 0.9991362556683222,
    "recall": 0.9987049428016405
  }
}