key,label,mode,params,val_roc_auc,val_f1,val_accuracy,val_precision,val_recall
rf,Foret aleatoire,z,"{'n_estimators': 300, 'max_depth': 10, 'max_features': 'sqrt', 'class_weight': None}",0.9975683348329248,0.9858879722101607,0.9808907834778774,0.9914847161572052,0.9803540587219344
tree,Arbre de decision,z,"{'max_depth': 5, 'criterion': 'entropy', 'min_samples_leaf': 1}",0.9949292825270145,0.9844851904090268,0.9789798618256651,0.9895310796074155,0.9794905008635578
cnb,Naive Bayes categoriel,cat,{'alpha': 1.0},0.9463967143433341,0.9323544834819087,0.9051888872556225,0.9065878033856822,0.9596286701208981
logreg,Regression logistique,z,"{'C': 10.0, 'class_weight': 'balanced'}",0.893916730110922,0.9280667951188183,0.9012200499779509,0.9203821656050956,0.935880829015544
svm,SVM lineaire calibre,z,"{'C': 10.0, 'class_weight': 'balanced'}",0.8872289299440178,0.9204915450057767,0.8887255622519477,0.8962978114133769,0.946027633851468
