key,label,mode,params,val_roc_auc,val_f1,val_accuracy,val_precision,val_recall
logreg,Régression logistique,z,"{'C': 10.0, 'class_weight': None}",0.9999986078063084,0.9993521917512417,0.9991180361605174,0.9995680345572354,0.9991364421416234
svm,SVM (linéaire calibré),z,"{'C': 1.0, 'class_weight': None}",0.9999984089214954,0.999460218071899,0.9992650301337646,0.999568127834161,0.9993523316062176
rf,Forêt aléatoire,z,"{'n_estimators': 300, 'max_depth': None, 'max_features': 'sqrt', 'class_weight': 'balanced'}",0.9999977625458529,0.9992443053006586,0.9989710421872703,0.9993521917512417,0.9991364421416234
tree,Arbre de décision,z,"{'max_depth': 5, 'criterion': 'gini', 'min_samples_leaf': 5}",0.9999969172853973,0.999136628534427,0.9988240482140233,0.9989210185584808,0.9993523316062176
bnb,Naive Bayes Bernoulli,binary,{'alpha': 0.1},0.999987271371963,0.9953798216396261,0.9936792591503748,0.9908021390374332,1.0
gnb,Naive Bayes gaussien,z,{'var_smoothing': 1e-09},0.9999675817754686,0.9991356957649092,0.9988240482140233,1.0,0.998272884283247
cnb,Naive Bayes catégoriel,cat,{'alpha': 0.1},0.9999550023110415,0.9976267529665588,0.9967661325885638,0.9969814575247952,0.998272884283247
knn,k-NN,z,"{'n_neighbors': 7, 'weights': 'distance'}",0.9991514082238073,0.9968712914014457,0.9957371747758342,0.9963338365322407,0.9974093264248705
