composante,variance_expliquee,variance_cumulee
PC1,0.6703899580516336,0.6703899580516336
PC2,0.0955274716736653,0.7659174297252989
PC3,0.05787118294313067,0.8237886126684295
PC4,0.037190082010256864,0.8609786946786864
PC5,0.028463418510061674,0.889442113188748
PC6,0.02358152441066182,0.9130236375994099
PC7,0.021533007982656508,0.9345566455820664
PC8,0.0193242433821197,0.9538808889641861
