composante,variance_expliquee,variance_cumulee
PC1,0.6870925181991707,0.6870925181991707
PC2,0.09850598518268046,0.7855985033818512
PC3,0.06001637177407254,0.8456148751559238
PC4,0.033844580583888735,0.8794594557398125
PC5,0.02657836289118267,0.9060378186309952
PC6,0.022598719004798512,0.9286365376357937
PC7,0.0215694397316724,0.950205977367466
